Class,precision,recall,f1-score,support
0,0.9487179487179487,0.8327974276527331,0.886986301369863,311.0
1,0.2876712328767123,0.6,0.3888888888888889,35.0
accuracy,0.8092485549132948,0.8092485549132948,0.8092485549132948,0.8092485549132948
macro avg,0.6181945907973305,0.7163987138263666,0.637937595129376,346.0
weighted avg,0.8818490612773613,0.8092485549132948,0.8366007249628279,346.0
